Origin,Total Leads,Conversions,Conversion Rate (%)
direct_traffic,499,56,11.22244488977956
display,118,6,5.084745762711865
email,493,15,3.0425963488843815
organic_search,2296,271,11.803135888501743
other,150,4,2.666666666666667
other_publicities,65,3,4.615384615384616
paid_search,1586,195,12.295081967213115
referral,284,24,8.450704225352112
social,1350,75,5.555555555555555
unknown,1159,193,16.652286453839515
